word,pos
ici,other
où,other
quand,other
alors,other
très,other
aussi,other
jamais,other
encore,other
est-ce que,unknown
toujours,other
maintenant,other
vraiment,other
oh,other
chez,other
déjà,other
beaucoup,other
donc,other
ah,other
parce que,other
ouais,other
depuis,other
hein,other
assez,other
combien,other
entre,other
longtemps,other
seulement,other
voici,other
enfin,other
là-bas,other
ok,other
tellement,other
presque,other
d'abord,other
parfois,other
exactement,other
dès,other
partout,other
sûrement,other
ensuite,other
allô,other
euh,other
doucement,other
pourtant,other
absolument,other
simplement,other
mme,other
selon,other
là-dedans,other
hors,other
probablement,other
parmi,other
là-haut,other
justement,other
puisque,other
immédiatement,other
environ,other
soit,other
lorsque,other
mlle,unknown
autrement,other
désormais,other
durant,other
là-dessus,other
auprès,other
davantage,other
voeu,other
évidemment,other
grand-chose,other
facilement,other
directement,other
rapidement,other
lentement,other
la plupart des,unknown
bah,other
uniquement,other
récemment,other
cependant,other
volontiers,other
nôtre,other
suffisamment,other
réellement,other
guère,other
par-dessus,other
vachement,other
afin de,unknown
ciao,other
jusque,other
tandis que,unknown
la plupart,unknown
extrêmement,other
pratiquement,other
auparavant,other
rarement,other
yeah,other
etc,other
sincèrement,other
aussitôt,other
tranquillement,other
énormément,other
honnêtement,other
terriblement,other
quelquefois,other
quoique,other
précédemment,other
actuellement,other
gentiment,other
noeud,other
nous-mêmes,other
hello,other
drôlement,other
afin que,unknown
ouah,other
manoeuvre,other
physiquement,other
hou,other
attentivement,other
constamment,other
jusque-là,other
généralement,other
revoilà,other
dorénavant,other
bizarrement,other
là-dessous,other
choeur,other
visiblement,other
thanksgiving,other
librement,other
sur-le-champ,other
calmement,other
avant-hier,other
gravement,other
techniquement,other
gratuitement,other
svp,other
sacrément,other
largement,other
vivement,other
manifestement,other
incroyablement,other
premièrement,other
ouh,other
"mou,mol",unknown
toutefois,other
littéralement,other
ohé,other
ouste,other
mollo,other
la plupart du,unknown
néanmoins,other
strictement,other
brusquement,other
hautement,other
back,other
vaguement,other
bof,other
clean,other
sexuellement,other
deuxièmement,other
bêtement,other
proprement,other
gratis,other
fortement,other
follement,other
parce qu,unknown
près de,unknown
habituellement,other
beurk,other
la plupart de,unknown
décidément,other
étrangement,other
mm,other
delà,other
difficilement,other
mi-chemin,other
sitôt,other
volontairement,other
ici-bas,other
ding,other
oeillet,other
tendrement,other
est-ce qu,unknown
accidentellement,other
chef-d'oeuvre,other
nécessairement,other
poliment,other
durement,other
horriblement,other
secrètement,other
assurément,other
please,other
nettement,other
affreusement,other
délibérément,other
gold,other
par-ci,other
conformément,other
moeurs,other
au-dessous,other
violemment,other
because,other
politiquement,other
à l'encontre,unknown
à l'improviste,unknown
pardi,other
temporairement,other
hue,other
automatiquement,other
sheriff,other
fermement,other
gaiement,other
théoriquement,other
aisément,other
momi,unknown
sévèrement,other
rafer,unknown
rudement,other
bye-bye,other
salement,other
atrocement,other
humblement,other
jusqu,unknown
tchao,other
scientifiquement,other
notamment,other
illico,other
joliment,other
instantanément,other
soeurette,other
paisiblement,other
indéfiniment,other
pom-pom-girl,unknown
sensass,other
par-derrière,other
véritablement,other
convenablement,other
écoeurant,other
cold,other
inconsciemment,other
moralement,other
hep,other
génétiquement,other
fixement,other
manoeuvrer,other
typiquement,other
zou,other
tronçonneur,unknown
inutilement,other
dignement,other
patiemment,other
pence,other
mini,other
sapristi,other
grièvement,other
psychologiquement,other
tristement,other
essentiellement,other
fur et à mesure,unknown
